{
  "hash": "023a3624",
  "configHash": "5ec7114b",
  "lockfileHash": "5e15fc37",
  "browserHash": "87956137",
  "optimized": {
    "@angular/common": {
      "src": "../../../../../../node_modules/@angular/common/fesm2022/common.mjs",
      "file": "@angular_common.js",
      "fileHash": "503f6dea",
      "needsInterop": false
    },
    "@angular/core": {
      "src": "../../../../../../node_modules/@angular/core/fesm2022/core.mjs",
      "file": "@angular_core.js",
      "fileHash": "c87cc0ef",
      "needsInterop": false
    },
    "@angular/forms": {
      "src": "../../../../../../node_modules/@angular/forms/fesm2022/forms.mjs",
      "file": "@angular_forms.js",
      "fileHash": "1bf9de07",
      "needsInterop": false
    },
    "@angular/platform-browser": {
      "src": "../../../../../../node_modules/@angular/platform-browser/fesm2022/platform-browser.mjs",
      "file": "@angular_platform-browser.js",
      "fileHash": "f91e4aa5",
      "needsInterop": false
    },
    "@google/genai": {
      "src": "../../../../../../node_modules/@google/genai/dist/web/index.mjs",
      "file": "@google_genai.js",
      "fileHash": "a2581cf1",
      "needsInterop": false
    }
  },
  "chunks": {
    "chunk-AUCNJE6E": {
      "file": "chunk-AUCNJE6E.js"
    },
    "chunk-TEQND2CF": {
      "file": "chunk-TEQND2CF.js"
    },
    "chunk-GOMI4DH3": {
      "file": "chunk-GOMI4DH3.js"
    }
  }
}